<?xml version="1.0" encoding="UTF-8"?>
<GenRun Id="synth_1" LaunchPart="xc7a35tcpg236-1" LaunchTime="1495632351">
  <File Type="RDS-PROPCONSTRS" Name="main_wrapper_drc_synth.rpt"/>
  <File Type="PA-TCL" Name="main_wrapper.tcl"/>
  <File Type="RDS-RDS" Name="main_wrapper.vds"/>
  <File Type="RDS-UTIL" Name="main_wrapper_utilization_synth.rpt"/>
  <File Type="RDS-UTIL-PB" Name="main_wrapper_utilization_synth.pb"/>
  <File Type="RDS-DCP" Name="main_wrapper.dcp"/>
  <File Type="VDS-TIMINGSUMMARY" Name="main_wrapper_timing_summary_synth.rpt"/>
  <File Type="VDS-TIMING-PB" Name="main_wrapper_timing_summary_synth.pb"/>
  <FileSet Name="sources" Type="DesignSrcs" RelSrcDir="$PSRCDIR/sources_1">
    <Filter Type="Srcs"/>
    <File Path="$PSRCDIR/sources_1/bd/main/main.bd">
      <FileInfo>
        <Attr Name="ImportPath" Val="$PPRDIR/../../../../main.srcs/sources_1/bd/main/main.bd"/>
        <Attr Name="ImportTime" Val="1495632350"/>
        <Attr Name="UsedIn" Val="synthesis"/>
        <Attr Name="UsedIn" Val="implementation"/>
        <Attr Name="UsedIn" Val="simulation"/>
      </FileInfo>
    </File>
    <File Path="$PSRCDIR/sources_1/bd/main/hdl/main_wrapper.v">
      <FileInfo>
        <Attr Name="ImportPath" Val="$PPRDIR/../../../../main.srcs/sources_1/bd/main/hdl/main_wrapper.v"/>
        <Attr Name="ImportTime" Val="1495632350"/>
        <Attr Name="UsedIn" Val="synthesis"/>
        <Attr Name="UsedIn" Val="implementation"/>
        <Attr Name="UsedIn" Val="simulation"/>
      </FileInfo>
    </File>
    <File Path="$PPRDIR/../../../../../countdown/countdown.srcs/sources_1/new/countdown.v">
      <FileInfo>
        <Attr Name="AutoDisabled" Val="1"/>
        <Attr Name="UsedIn" Val="synthesis"/>
        <Attr Name="UsedIn" Val="implementation"/>
        <Attr Name="UsedIn" Val="simulation"/>
      </FileInfo>
    </File>
    <File Path="$PPRDIR/../../../../../../exp/keyboard/keyboard.srcs/sources_1/new/keyboard.v">
      <FileInfo>
        <Attr Name="AutoDisabled" Val="1"/>
        <Attr Name="UsedIn" Val="synthesis"/>
        <Attr Name="UsedIn" Val="implementation"/>
        <Attr Name="UsedIn" Val="simulation"/>
      </FileInfo>
    </File>
    <File Path="$PPRDIR/../../../../../dataprocess/dataprocess.srcs/sources_1/new/dataprocess.v">
      <FileInfo>
        <Attr Name="AutoDisabled" Val="1"/>
        <Attr Name="UsedIn" Val="synthesis"/>
        <Attr Name="UsedIn" Val="implementation"/>
        <Attr Name="UsedIn" Val="simulation"/>
      </FileInfo>
    </File>
    <File Path="$PPRDIR/../../../../../fsm2seg/fsm2seg.srcs/sources_1/new/fsm2seg.v">
      <FileInfo>
        <Attr Name="AutoDisabled" Val="1"/>
        <Attr Name="UsedIn" Val="synthesis"/>
        <Attr Name="UsedIn" Val="implementation"/>
        <Attr Name="UsedIn" Val="simulation"/>
      </FileInfo>
    </File>
    <File Path="$PPRDIR/../../../../../kb2fsm/kb2fsm.srcs/sources_1/new/kb2fsm.v">
      <FileInfo>
        <Attr Name="AutoDisabled" Val="1"/>
        <Attr Name="UsedIn" Val="synthesis"/>
        <Attr Name="UsedIn" Val="implementation"/>
        <Attr Name="UsedIn" Val="simulation"/>
      </FileInfo>
    </File>
    <File Path="$PPRDIR/../../../../../FSM/FSM.srcs/sources_1/new/FSM.v">
      <FileInfo>
        <Attr Name="AutoDisabled" Val="1"/>
        <Attr Name="UsedIn" Val="synthesis"/>
        <Attr Name="UsedIn" Val="implementation"/>
        <Attr Name="UsedIn" Val="simulation"/>
      </FileInfo>
    </File>
    <File Path="$PPRDIR/../../../../../start_rst/start_rst.srcs/sources_1/new/start_rst.v">
      <FileInfo>
        <Attr Name="AutoDisabled" Val="1"/>
        <Attr Name="UsedIn" Val="synthesis"/>
        <Attr Name="UsedIn" Val="implementation"/>
        <Attr Name="UsedIn" Val="simulation"/>
      </FileInfo>
    </File>
    <Config>
      <Option Name="DesignMode" Val="RTL"/>
      <Option Name="TopModule" Val="main_wrapper"/>
      <Option Name="TopAutoSet" Val="TRUE"/>
    </Config>
  </FileSet>
  <FileSet Name="constrs_in" Type="Constrs" RelSrcDir="$PSRCDIR/constrs_1">
    <Filter Type="Constrs"/>
    <File Path="$PSRCDIR/constrs_1/new/main_imp.xdc">
      <FileInfo>
        <Attr Name="ImportPath" Val="$PPRDIR/../../../../main.srcs/constrs_1/new/main_imp.xdc"/>
        <Attr Name="ImportTime" Val="1495610511"/>
        <Attr Name="UsedIn" Val="synthesis"/>
        <Attr Name="UsedIn" Val="implementation"/>
      </FileInfo>
    </File>
    <Config>
      <Option Name="TargetConstrsFile" Val="$PSRCDIR/constrs_1/new/main_imp.xdc"/>
      <Option Name="ConstrsType" Val="XDC"/>
    </Config>
  </FileSet>
  <Strategy Version="1" Minor="2">
    <StratHandle Name="Vivado Synthesis Defaults" Flow="Vivado Synthesis 2016"/>
    <Step Id="synth_design"/>
  </Strategy>
</GenRun>
