<?xml version="1.0" encoding="UTF-8" ?>
<document>
<!--The data in this file is primarily intended for consumption by Xilinx tools.
The structure and the elements are likely to change over the next few releases.
This means code written to parse this file will need to be revisited each subsequent release.-->
<application name="pa" timeStamp="Wed May 24 21:33:27 2017">
<section name="Project Information" visible="false">
<property name="ProjectID" value="4465b053b4b4448d878ae4e69707c19e" type="ProjectID"/>
<property name="ProjectIteration" value="25" type="ProjectIteration"/>
</section>
<section name="PlanAhead Usage" visible="true">
<item name="Project Data">
<property name="SrcSetCount" value="1" type="SrcSetCount"/>
<property name="ConstraintSetCount" value="1" type="ConstraintSetCount"/>
<property name="DesignMode" value="RTL" type="DesignMode"/>
<property name="SynthesisStrategy" value="Vivado Synthesis Defaults" type="SynthesisStrategy"/>
<property name="ImplStrategy" value="Vivado Implementation Defaults" type="ImplStrategy"/>
</item>
<item name="Java Command Handlers">
<property name="AddSources" value="4" type="JavaHandler"/>
<property name="AutoConnectTarget" value="6" type="JavaHandler"/>
<property name="CreateBlockDesign" value="1" type="JavaHandler"/>
<property name="CreateTopHDL" value="1" type="JavaHandler"/>
<property name="CustomizeRSBBlock" value="18" type="JavaHandler"/>
<property name="DisconnectRSBPin" value="1" type="JavaHandler"/>
<property name="EditCopy" value="3" type="JavaHandler"/>
<property name="EditDelete" value="44" type="JavaHandler"/>
<property name="EditPaste" value="3" type="JavaHandler"/>
<property name="EditRedo" value="8" type="JavaHandler"/>
<property name="EditUndo" value="3" type="JavaHandler"/>
<property name="FlipToViewTaskImplementation" value="1" type="JavaHandler"/>
<property name="IPPackagerHandler" value="1" type="JavaHandler"/>
<property name="IPPackagerWizardHandler" value="1" type="JavaHandler"/>
<property name="LaunchProgramFpga" value="18" type="JavaHandler"/>
<property name="NewProject" value="1" type="JavaHandler"/>
<property name="OpenBlockDesign" value="27" type="JavaHandler"/>
<property name="OpenHardwareManager" value="17" type="JavaHandler"/>
<property name="ProgramDevice" value="1" type="JavaHandler"/>
<property name="ProjectSettingsCmdHandler" value="10" type="JavaHandler"/>
<property name="RunBitgen" value="17" type="JavaHandler"/>
<property name="RunImplementation" value="7" type="JavaHandler"/>
<property name="RunSchematic" value="3" type="JavaHandler"/>
<property name="RunSynthesis" value="7" type="JavaHandler"/>
<property name="SaveDesign" value="2" type="JavaHandler"/>
<property name="SaveRSBDesign" value="22" type="JavaHandler"/>
<property name="ValidateRSBDesign" value="2" type="JavaHandler"/>
<property name="ViewTaskIPIntegrator" value="5" type="JavaHandler"/>
<property name="ViewTaskImplementation" value="6" type="JavaHandler"/>
<property name="ViewTaskProjectManager" value="5" type="JavaHandler"/>
<property name="ZoomFit" value="36" type="JavaHandler"/>
</item>
<item name="Gui Resources Info">
<property name="FINISH, Finish" value="1" type="GuiResourceData"/>
<property name="NEXT, Next " value="1" type="GuiResourceData"/>
<property name="PAResourceAtoD.CmdMsgDialog_OK, OK" value="1" type="GuiResourceData"/>
<property name="PAResourceEtoH.FileSetPanel_FILE_SET_PANEL_TREE, [root, Design Sources, keyboard (keyboard.v" value="2" type="GuiResourceData"/>
<property name="PAResourceEtoH.FileSetPanel_FILE_SET_PANEL_TREE, [root, Design Sources, start_rst (start_rst.v" value="2" type="GuiResourceData"/>
<property name="PAResourceEtoH.FlowNavigatorTreePanel_FLOW_NAVIGATOR_TREE, [, IP Integrator, Open Block Design], 7, false" value="1" type="GuiResourceData"/>
<property name="PAResourceEtoH.FlowNavigatorTreePanel_FLOW_NAVIGATOR_TREE, [, Project Manager, Add Sources], 2, false" value="1" type="GuiResourceData"/>
<property name="PAResourceOtoP.PAViews_CODE, Code" value="1" type="GuiResourceData"/>
<property name="PAResourceOtoP.ProgramDebugTab_PROGRAM_DEVICE, Program device" value="1" type="GuiResourceData"/>
<property name="PAResourceOtoP.ProgramFpgaDialog_PROGRAM, Program" value="1" type="GuiResourceData"/>
<property name="PAResourceQtoS.SrcChooserPanel_ADD_HDL_AND_NETLIST_FILES_TO_YOUR_PROJECT, Add Files" value="1" type="GuiResourceData"/>
<property name="PAResourceQtoS.StaleMoreAction_OUT_OF_DATE_DETAILS, more info" value="1" type="GuiResourceData"/>
<property name="RDIResource.BaseDialog_OK, OK" value="3" type="GuiResourceData"/>
<property name="RDIResource.HPopupTitle_CLOSE, (String" value="1" type="GuiResourceData"/>
<property name="RDIResourceCommand.RDICommands_DELETE, Remove File from Project..." value="2" type="GuiResourceData"/>
</item>
<item name="Other">
<property name="GuiMode" value="152" type="GuiMode"/>
<property name="BatchMode" value="0" type="BatchMode"/>
<property name="TclMode" value="118" type="TclMode"/>
</item>
</section>
</application>
</document>
