<?xml version="1.0" encoding="UTF-8"?>
<GenRun Id="impl_1" LaunchPart="xc7a35tcpg236-1" LaunchTime="1495632351">
  <File Type="OPT-DCP" Name="main_wrapper_opt.dcp"/>
  <File Type="ROUTE-STATUS-PB" Name="main_wrapper_route_status.pb"/>
  <File Type="PA-TCL" Name="main_wrapper.tcl"/>
  <File Type="RDI-RDI" Name="main_wrapper.vdi"/>
  <File Type="PWROPT-DRC" Name="main_wrapper_drc_pwropted.rpt"/>
  <File Type="OPT-METHODOLOGY-DRC" Name="main_wrapper_methodology_drc_opted.rpt"/>
  <File Type="INIT-TIMING" Name="main_wrapper_timing_summary_init.rpt"/>
  <File Type="OPT-DRC" Name="main_wrapper_drc_opted.rpt"/>
  <File Type="PWROPT-DCP" Name="main_wrapper_pwropt.dcp"/>
  <File Type="OPT-HWDEF" Name="main_wrapper.hwdef"/>
  <File Type="OPT-TIMING" Name="main_wrapper_timing_summary_opted.rpt"/>
  <File Type="PWROPT-TIMING" Name="main_wrapper_timing_summary_pwropted.rpt"/>
  <File Type="PLACE-DCP" Name="main_wrapper_placed.dcp"/>
  <File Type="PLACE-IO" Name="main_wrapper_io_placed.rpt"/>
  <File Type="PLACE-CLK" Name="main_wrapper_clock_utilization_placed.rpt"/>
  <File Type="PLACE-UTIL" Name="main_wrapper_utilization_placed.rpt"/>
  <File Type="PLACE-UTIL-PB" Name="main_wrapper_utilization_placed.pb"/>
  <File Type="PLACE-CTRL" Name="main_wrapper_control_sets_placed.rpt"/>
  <File Type="PLACE-SIMILARITY" Name="main_wrapper_incremental_reuse_placed.rpt"/>
  <File Type="PLACE-PRE-SIMILARITY" Name="main_wrapper_incremental_reuse_pre_placed.rpt"/>
  <File Type="PLACE-TIMING" Name="main_wrapper_timing_summary_placed.rpt"/>
  <File Type="POSTPLACE-PWROPT-DCP" Name="main_wrapper_postplace_pwropt.dcp"/>
  <File Type="POSTPLACE-PWROPT-TIMING" Name="main_wrapper_timing_summary_postplace_pwropted.rpt"/>
  <File Type="PHYSOPT-DCP" Name="main_wrapper_physopt.dcp"/>
  <File Type="PHYSOPT-DRC" Name="main_wrapper_drc_physopted.rpt"/>
  <File Type="PHYSOPT-TIMING" Name="main_wrapper_timing_summary_physopted.rpt"/>
  <File Type="ROUTE-DCP" Name="main_wrapper_routed.dcp"/>
  <File Type="ROUTE-BLACKBOX-DCP" Name="main_wrapper_routed_bb.dcp"/>
  <File Type="ROUTE-DRC" Name="main_wrapper_drc_routed.rpt"/>
  <File Type="ROUTE-DRC-PB" Name="main_wrapper_drc_routed.pb"/>
  <File Type="ROUTE-METHODOLOGY-DRC" Name="main_wrapper_methodology_drc_routed.rpt"/>
  <File Type="BG-BIT" Name="main_wrapper.bit"/>
  <File Type="ROUTE-METHODOLOGY-DRC-PB" Name="main_wrapper_methodology_drc_routed.pb"/>
  <File Type="ROUTE-PWR" Name="main_wrapper_power_routed.rpt"/>
  <File Type="ROUTE-PWR-SUM" Name="main_wrapper_power_summary_routed.pb"/>
  <File Type="ROUTE-PWR-RPX" Name="main_wrapper_power_routed.rpx"/>
  <File Type="ROUTE-STATUS" Name="main_wrapper_route_status.rpt"/>
  <File Type="ROUTE-TIMINGSUMMARY" Name="main_wrapper_timing_summary_routed.rpt"/>
  <File Type="ROUTE-TIMING-PB" Name="main_wrapper_timing_summary_routed.pb"/>
  <File Type="ROUTE-TIMING-RPX" Name="main_wrapper_timing_summary_routed.rpx"/>
  <File Type="ROUTE-SIMILARITY" Name="main_wrapper_incremental_reuse_routed.rpt"/>
  <File Type="ROUTE-CLK" Name="main_wrapper_clock_utilization_routed.rpt"/>
  <File Type="POSTROUTE-PHYSOPT-DCP" Name="main_wrapper_postroute_physopt.dcp"/>
  <File Type="POSTROUTE-PHYSOPT-BLACKBOX-DCP" Name="main_wrapper_postroute_physopt_bb.dcp"/>
  <File Type="POSTROUTE-PHYSOPT-TIMING" Name="main_wrapper_timing_summary_postroute_physopted.rpt"/>
  <File Type="POSTROUTE-PHYSOPT-TIMING-PB" Name="main_wrapper_timing_summary_postroute_physopted.pb"/>
  <File Type="POSTROUTE-PHYSOPT-TIMING-RPX" Name="main_wrapper_timing_summary_postroute_physopted.rpx"/>
  <File Type="BG-BIN" Name="main_wrapper.bin"/>
  <File Type="BITSTR-MSK" Name="main_wrapper.msk"/>
  <File Type="BITSTR-RBT" Name="main_wrapper.rbt"/>
  <File Type="BITSTR-NKY" Name="main_wrapper.nky"/>
  <File Type="BITSTR-BMM" Name="main_wrapper_bd.bmm"/>
  <File Type="BITSTR-MMI" Name="main_wrapper.mmi"/>
  <File Type="BITSTR-SYSDEF" Name="main_wrapper.sysdef"/>
  <File Type="BG-BGN" Name="main_wrapper.bgn"/>
  <File Type="BG-DRC" Name="main_wrapper.drc"/>
  <File Type="WBT-USG" Name="usage_statistics_webtalk.html"/>
  <FileSet Name="sources" Type="DesignSrcs" RelSrcDir="$PSRCDIR/sources_1">
    <Filter Type="Srcs"/>
    <File Path="$PSRCDIR/sources_1/bd/main/main.bd">
      <FileInfo>
        <Attr Name="ImportPath" Val="$PPRDIR/../../../../main.srcs/sources_1/bd/main/main.bd"/>
        <Attr Name="ImportTime" Val="1495632350"/>
        <Attr Name="UsedIn" Val="synthesis"/>
        <Attr Name="UsedIn" Val="implementation"/>
        <Attr Name="UsedIn" Val="simulation"/>
      </FileInfo>
    </File>
    <File Path="$PSRCDIR/sources_1/bd/main/hdl/main_wrapper.v">
      <FileInfo>
        <Attr Name="ImportPath" Val="$PPRDIR/../../../../main.srcs/sources_1/bd/main/hdl/main_wrapper.v"/>
        <Attr Name="ImportTime" Val="1495632350"/>
        <Attr Name="UsedIn" Val="synthesis"/>
        <Attr Name="UsedIn" Val="implementation"/>
        <Attr Name="UsedIn" Val="simulation"/>
      </FileInfo>
    </File>
    <File Path="$PPRDIR/../../../../../countdown/countdown.srcs/sources_1/new/countdown.v">
      <FileInfo>
        <Attr Name="AutoDisabled" Val="1"/>
        <Attr Name="UsedIn" Val="synthesis"/>
        <Attr Name="UsedIn" Val="implementation"/>
        <Attr Name="UsedIn" Val="simulation"/>
      </FileInfo>
    </File>
    <File Path="$PPRDIR/../../../../../../exp/keyboard/keyboard.srcs/sources_1/new/keyboard.v">
      <FileInfo>
        <Attr Name="AutoDisabled" Val="1"/>
        <Attr Name="UsedIn" Val="synthesis"/>
        <Attr Name="UsedIn" Val="implementation"/>
        <Attr Name="UsedIn" Val="simulation"/>
      </FileInfo>
    </File>
    <File Path="$PPRDIR/../../../../../dataprocess/dataprocess.srcs/sources_1/new/dataprocess.v">
      <FileInfo>
        <Attr Name="AutoDisabled" Val="1"/>
        <Attr Name="UsedIn" Val="synthesis"/>
        <Attr Name="UsedIn" Val="implementation"/>
        <Attr Name="UsedIn" Val="simulation"/>
      </FileInfo>
    </File>
    <File Path="$PPRDIR/../../../../../fsm2seg/fsm2seg.srcs/sources_1/new/fsm2seg.v">
      <FileInfo>
        <Attr Name="AutoDisabled" Val="1"/>
        <Attr Name="UsedIn" Val="synthesis"/>
        <Attr Name="UsedIn" Val="implementation"/>
        <Attr Name="UsedIn" Val="simulation"/>
      </FileInfo>
    </File>
    <File Path="$PPRDIR/../../../../../kb2fsm/kb2fsm.srcs/sources_1/new/kb2fsm.v">
      <FileInfo>
        <Attr Name="AutoDisabled" Val="1"/>
        <Attr Name="UsedIn" Val="synthesis"/>
        <Attr Name="UsedIn" Val="implementation"/>
        <Attr Name="UsedIn" Val="simulation"/>
      </FileInfo>
    </File>
    <File Path="$PPRDIR/../../../../../FSM/FSM.srcs/sources_1/new/FSM.v">
      <FileInfo>
        <Attr Name="AutoDisabled" Val="1"/>
        <Attr Name="UsedIn" Val="synthesis"/>
        <Attr Name="UsedIn" Val="implementation"/>
        <Attr Name="UsedIn" Val="simulation"/>
      </FileInfo>
    </File>
    <File Path="$PPRDIR/../../../../../start_rst/start_rst.srcs/sources_1/new/start_rst.v">
      <FileInfo>
        <Attr Name="AutoDisabled" Val="1"/>
        <Attr Name="UsedIn" Val="synthesis"/>
        <Attr Name="UsedIn" Val="implementation"/>
        <Attr Name="UsedIn" Val="simulation"/>
      </FileInfo>
    </File>
    <Config>
      <Option Name="DesignMode" Val="RTL"/>
      <Option Name="TopModule" Val="main_wrapper"/>
      <Option Name="TopAutoSet" Val="TRUE"/>
    </Config>
  </FileSet>
  <FileSet Name="constrs_in" Type="Constrs" RelSrcDir="$PSRCDIR/constrs_1">
    <Filter Type="Constrs"/>
    <File Path="$PSRCDIR/constrs_1/new/main_imp.xdc">
      <FileInfo>
        <Attr Name="ImportPath" Val="$PPRDIR/../../../../main.srcs/constrs_1/new/main_imp.xdc"/>
        <Attr Name="ImportTime" Val="1495610511"/>
        <Attr Name="UsedIn" Val="synthesis"/>
        <Attr Name="UsedIn" Val="implementation"/>
      </FileInfo>
    </File>
    <Config>
      <Option Name="TargetConstrsFile" Val="$PSRCDIR/constrs_1/new/main_imp.xdc"/>
      <Option Name="ConstrsType" Val="XDC"/>
    </Config>
  </FileSet>
  <Strategy Version="1" Minor="2">
    <StratHandle Name="Vivado Implementation Defaults" Flow="Vivado Implementation 2016"/>
    <Step Id="init_design"/>
    <Step Id="opt_design"/>
    <Step Id="power_opt_design"/>
    <Step Id="place_design"/>
    <Step Id="post_place_power_opt_design"/>
    <Step Id="phys_opt_design"/>
    <Step Id="route_design"/>
    <Step Id="post_route_phys_opt_design"/>
    <Step Id="write_bitstream"/>
  </Strategy>
</GenRun>
